id,file_name
1,1028.json
2,1030.json
3,114.json
4,115.json
5,116.json
6,117.json
7,118.json
8,1189.json
9,120.json
10,121.json
11,122.json
12,123.json
13,124.json
14,1248.json
15,125.json
16,1250.json
17,126.json
18,127.json
19,128.json
20,129.json
21,130.json
22,131.json
23,2054.json
24,2055.json
25,2059.json
26,2119.json
27,2147.json
28,2160.json
29,2164.json
30,2165.json
31,2169.json
32,2171.json
33,2172.json
34,2174.json
35,2176.json
36,2177.json
37,2178.json
38,2179.json
39,2185.json
40,2187.json
41,2191.json
42,2216.json
43,2229.json
44,2253.json
45,2257.json
46,227.json
47,2327.json
48,2329.json
49,2421.json
50,2519.json
51,2521.json
52,2524.json
53,2530.json
54,2536.json
55,2541.json
56,2550.json
57,2555.json
58,2556.json
59,2557.json
60,2559.json
61,2566.json
62,2570.json
63,2571.json
64,2582.json
65,2583.json
66,2595.json
67,2602.json
68,2603.json
69,2604.json
70,2605.json
71,2617.json
72,2623.json
73,2625.json
74,2639.json
75,2640.json
76,2645.json
77,2649.json
78,2651.json
79,2652.json
80,2654.json
81,2656.json
82,2660.json
83,2661.json
84,2662.json
85,2665.json
86,2667.json
87,2671.json
88,2672.json
89,2673.json
90,2674.json
91,2675.json
92,2676.json
93,2677.json
94,2678.json
95,2679.json
96,2680.json
97,2681.json
98,2682.json
99,2695.json
100,2697.json
101,2698.json
102,2699.json
103,2703.json
104,271.json
105,2715.json
106,272.json
107,2729.json
108,273.json
109,2736.json
110,274.json
111,2752.json
112,2753.json
113,2762.json
114,2780.json
115,2782.json
116,2784.json
117,2787.json
118,2791.json
119,2798.json
120,2799.json
121,2800.json
122,2819.json
123,2832.json
124,2835.json
125,2837.json
126,285.json
127,3174.json
128,3177.json
129,3179.json
130,3182.json
131,3183.json
132,3284.json
133,3307.json
134,3311.json
135,3312.json
136,3314.json
137,3316.json
138,3318.json
139,3427.json
140,3428.json
141,3537.json
142,3538.json
143,3582.json
144,3583.json
145,3584.json
146,3589.json
147,3646.json
148,3655.json
149,3662.json
150,3670.json
151,3917.json
152,3918.json
153,3920.json
154,3921.json
155,3926.json
156,3930.json
157,3931.json
158,3932.json
159,3934.json
160,3938.json
161,3943.json
162,3956.json
163,3957.json
164,3959.json
165,3977.json
166,3978.json
167,3979.json
168,3980.json
169,3995.json
170,4047.json
171,4068.json
172,4083.json
173,4086.json
174,4087.json
175,4160.json
176,4167.json
177,4168.json
178,4170.json
179,4171.json
180,4172.json
181,4173.json
182,4202.json
183,4203.json
184,4204.json
185,4217.json
186,4219.json
187,4259.json
188,4260.json
189,4265.json
190,4290.json
191,4291.json
192,4294.json
193,4295.json
194,4334.json
195,4413.json
196,4417.json
197,4419.json
198,4452.json
199,4455.json
200,4504.json
201,4508.json
202,4511.json
203,4536.json
204,4585.json
205,4654.json
206,4952.json
207,5012.json
208,5050.json
209,5055.json
210,5056.json
211,5071.json
212,5147.json
213,5152.json
214,5172.json
215,5194.json
216,52.json
217,5651.json
218,5658.json
219,575.json
220,58.json
221,59.json
222,60.json
223,616.json
224,651.json
225,655.json
226,657.json
227,658.json
228,659.json
229,66.json
230,663.json
231,665.json
232,668.json
233,671.json
234,6895.json
235,7098.json
236,723.json
237,7233.json
238,726.json
239,7527.json
240,76.json
241,78.json
242,79.json
243,8280.json
244,8518.json
245,861.json
246,867.json
247,868.json
248,869.json
249,870.json
250,871.json
251,872.json
252,873.json
253,88.json
254,880.json
255,885.json
256,89.json
